{"cameraMode":{"drawMode":0,"name":"Shaded","section":"Shading Mode"},"sceneLighting":false,"audioPlay":false,"sceneViewState":{"showFog":true,"showMaterialUpdate":true,"showSkybox":false,"showFlares":true,"showImageEffects":true,"showParticleSystems":true},"in2DMode":false,"pivot":{"x":0.9800000190734863,"y":0.040000006556510928,"z":20.81999969482422},"rotation":{"x":-0.18648722767829896,"y":0.04772384837269783,"z":-0.009069826453924179,"w":-0.9812556505203247},"size":4.041658401489258,"orthographic":false}